{"cameraMode":{"drawMode":0,"name":"Shaded","section":"Shading Mode"},"sceneLighting":false,"audioPlay":false,"sceneViewState":{"showFog":true,"showMaterialUpdate":false,"showSkybox":true,"showFlares":true,"showImageEffects":true,"showParticleSystems":true},"in2DMode":false,"pivot":{"x":0.2721139192581177,"y":2.9405641555786135,"z":-2.5261142253875734},"rotation":{"x":-0.022998860105872155,"y":0.9742565751075745,"z":-0.1912204921245575,"w":-0.11717768013477326},"size":6.083582878112793,"orthographic":false}