{"cameraMode":{"drawMode":0,"name":"Shaded","section":"Shading Mode"},"sceneLighting":false,"audioPlay":false,"sceneViewState":{"showFog":true,"showMaterialUpdate":true,"showSkybox":false,"showFlares":true,"showImageEffects":true,"showParticleSystems":true},"in2DMode":false,"pivot":{"x":-0.5396721959114075,"y":-1.3498706817626954,"z":1.0788674354553223},"rotation":{"x":0.34576401114463808,"y":-0.28729701042175295,"z":0.11209364980459213,"w":0.8861982226371765},"size":2.9080677032470705,"orthographic":false}