{"cameraMode":{"drawMode":0,"name":"Shaded","section":"Shading Mode"},"sceneLighting":false,"audioPlay":false,"sceneViewState":{"showFog":true,"showMaterialUpdate":false,"showSkybox":false,"showFlares":true,"showImageEffects":true,"showParticleSystems":true},"in2DMode":false,"pivot":{"x":-1.0559061765670777,"y":2.229189157485962,"z":1.2609972953796387},"rotation":{"x":0.024165945127606393,"y":0.9583624005317688,"z":-0.27143582701683047,"w":0.08532296866178513},"size":0.820119321346283,"orthographic":false}