{"cameraMode":{"drawMode":0,"name":"Shaded","section":"Shading Mode"},"sceneLighting":false,"audioPlay":false,"sceneViewState":{"showFog":true,"showMaterialUpdate":true,"showSkybox":false,"showFlares":true,"showImageEffects":true,"showParticleSystems":true},"in2DMode":false,"pivot":{"x":0.03091781586408615,"y":0.20162451267242433,"z":-0.369140625},"rotation":{"x":-0.24200601875782014,"y":-0.1083158478140831,"z":0.027188632637262346,"w":-0.9638364911079407},"size":0.9796401262283325,"orthographic":true}