{"cameraMode":{"drawMode":0,"name":"Shaded","section":"Shading Mode"},"sceneLighting":false,"audioPlay":false,"sceneViewState":{"showFog":true,"showMaterialUpdate":true,"showSkybox":false,"showFlares":true,"showImageEffects":true,"showParticleSystems":true},"in2DMode":false,"pivot":{"x":0.09800834953784943,"y":0.2703057825565338,"z":-0.0870361328125},"rotation":{"x":0.019927414134144784,"y":0.979171633720398,"z":-0.1195552721619606,"w":0.16303333640098573},"size":0.7902071475982666,"orthographic":true}