{"cameraMode":{"drawMode":0,"name":"Shaded","section":"Shading Mode"},"sceneLighting":false,"audioPlay":false,"sceneViewState":{"showFog":true,"showMaterialUpdate":false,"showSkybox":false,"showFlares":true,"showImageEffects":true,"showParticleSystems":true},"in2DMode":false,"pivot":{"x":-0.6997151374816895,"y":0.7561450004577637,"z":-1.9738692045211793},"rotation":{"x":0.051653530448675159,"y":-0.9446686506271362,"z":0.1821683794260025,"w":0.2678598165512085},"size":5.21656608581543,"orthographic":false}